{
  "checkpoint": "/scratch/yangximing/code/ass5-exp6/DiffuFont/checkpoints/xpred_20260423_005011/ckpt_step_45000.pt",
  "font_name": "GF_ofl_mashanzheng_MaShanZheng-Regular",
  "samples": [
    {
      "target_char": "容",
      "sample_index": 0,
      "style_ref_chars": [
        "唱",
        "了",
        "笆",
        "观",
        "沦",
        "击"
      ],
      "ref_norm_share": [
        0.1723,
        0.1372,
        0.1863,
        0.1806,
        0.1534,
        0.1701
      ],
      "cosine_to_fused": [
        0.8601,
        0.8688,
        0.8982,
        0.922,
        0.827,
        0.8453
      ],
      "leave_one_out_l1": [
        0.12758,
        0.10562,
        0.12383,
        0.10521,
        0.12665,
        0.12974
      ],
      "leave_one_out_cos": [
        0.992704,
        0.995952,
        0.993311,
        0.99512,
        0.993364,
        0.992307
      ],
      "token_entropy": [
        4.7536,
        4.401,
        4.5493,
        4.5018,
        4.4973,
        4.6939
      ],
      "token_top1_mean": [
        0.1224,
        0.1762,
        0.1509,
        0.1533,
        0.1714,
        0.1332
      ],
      "norm_share_max": 0.1863,
      "norm_share_min": 0.1372,
      "loo_l1_max": 0.12974,
      "loo_l1_min": 0.10521
    },
    {
      "target_char": "器",
      "sample_index": 17,
      "style_ref_chars": [
        "斋",
        "厅",
        "甩",
        "墅",
        "穴",
        "蹭"
      ],
      "ref_norm_share": [
        0.1804,
        0.1572,
        0.1663,
        0.1722,
        0.1491,
        0.1748
      ],
      "cosine_to_fused": [
        0.9205,
        0.8713,
        0.9166,
        0.9398,
        0.8442,
        0.9198
      ],
      "leave_one_out_l1": [
        0.11257,
        0.1217,
        0.10449,
        0.09335,
        0.13064,
        0.10744
      ],
      "leave_one_out_cos": [
        0.995471,
        0.994978,
        0.996111,
        0.996869,
        0.994765,
        0.995771
      ],
      "token_entropy": [
        4.5998,
        4.5593,
        4.5606,
        4.7673,
        4.6878,
        4.6987
      ],
      "token_top1_mean": [
        0.1755,
        0.1378,
        0.1499,
        0.1328,
        0.154,
        0.1516
      ],
      "norm_share_max": 0.1804,
      "norm_share_min": 0.1491,
      "loo_l1_max": 0.13064,
      "loo_l1_min": 0.09335
    },
    {
      "target_char": "挖",
      "sample_index": 101,
      "style_ref_chars": [
        "鲫",
        "苛",
        "驱",
        "夕",
        "星",
        "涉"
      ],
      "ref_norm_share": [
        0.1678,
        0.171,
        0.168,
        0.1538,
        0.1766,
        0.1628
      ],
      "cosine_to_fused": [
        0.8836,
        0.9332,
        0.9198,
        0.8629,
        0.9487,
        0.8923
      ],
      "leave_one_out_l1": [
        0.12375,
        0.09801,
        0.10297,
        0.12627,
        0.09035,
        0.11524
      ],
      "leave_one_out_cos": [
        0.994693,
        0.996646,
        0.996196,
        0.995011,
        0.997166,
        0.995389
      ],
      "token_entropy": [
        4.488,
        4.454,
        4.7078,
        4.4327,
        4.7011,
        4.4846
      ],
      "token_top1_mean": [
        0.1502,
        0.1549,
        0.1303,
        0.1478,
        0.1305,
        0.1556
      ],
      "norm_share_max": 0.1766,
      "norm_share_min": 0.1538,
      "loo_l1_max": 0.12627,
      "loo_l1_min": 0.09035
    },
    {
      "target_char": "州",
      "sample_index": 809,
      "style_ref_chars": [
        "炫",
        "膏",
        "拿",
        "巧",
        "骡",
        "驴"
      ],
      "ref_norm_share": [
        0.1598,
        0.1769,
        0.1612,
        0.1415,
        0.1712,
        0.1894
      ],
      "cosine_to_fused": [
        0.8651,
        0.8929,
        0.8931,
        0.8561,
        0.9216,
        0.9319
      ],
      "leave_one_out_l1": [
        0.11657,
        0.11598,
        0.104,
        0.11234,
        0.09633,
        0.10679
      ],
      "leave_one_out_cos": [
        0.994444,
        0.99422,
        0.995379,
        0.995573,
        0.995967,
        0.995467
      ],
      "token_entropy": [
        4.7555,
        4.6252,
        4.5176,
        4.758,
        4.7805,
        4.624
      ],
      "token_top1_mean": [
        0.1562,
        0.1395,
        0.1707,
        0.1257,
        0.1189,
        0.1254
      ],
      "norm_share_max": 0.1894,
      "norm_share_min": 0.1415,
      "loo_l1_max": 0.11657,
      "loo_l1_min": 0.09633
    }
  ]
}