{
  "analysis_dir": "/scratch/yangximing/code/ass5-exp6/DiffuFont/analysis/vae_eval_compare_4ckpts_fixed30chars_20260326_162148",
  "common_worst10_by_mae_fonts": [
    "方正侠客体 简",
    "方正字迹-惊鸿体 简",
    "方正字迹-龙吟体 简",
    "方正清楷简",
    "方正白舟大髭113 简",
    "方正白舟忍者体 简",
    "方正白舟武骨体 简",
    "方正粉丝天下简体",
    "方正罗曼斜体 简-EB",
    "方正罗曼斜体 简-R"
  ],
  "per_font_metrics": {
    "方正侠客体 简": {
      "vae_pretrain_20260323_203321": {
        "mean_mae": 0.0034787855654334027,
        "mean_mse": 0.0005619502660313932,
        "mean_psnr": 32.97466049194336,
        "mean_structure_score": 0.9498289267222086,
        "mean_bin_dice": 0.9978840072949727,
        "mean_edge_dice": 0.9494163413842519
      },
      "vae_pretrain_20260323_203325": {
        "mean_mae": 0.00407019448466599,
        "mean_mse": 0.0007472508936189115,
        "mean_psnr": 31.689283243815105,
        "mean_structure_score": 0.9286069432894389,
        "mean_bin_dice": 0.9975269595781963,
        "mean_edge_dice": 0.9415645082791646
      },
      "vae_pretrain_20260323_212225": {
        "mean_mae": 0.0034410282465008398,
        "mean_mse": 0.0005514111854912092,
        "mean_psnr": 33.06394004821777,
        "mean_structure_score": 0.9572884877522786,
        "mean_bin_dice": 0.9979661385218302,
        "mean_edge_dice": 0.9516257584095001
      },
      "vae_pretrain_20260323_215003": {
        "mean_mae": 0.0041495957062579695,
        "mean_mse": 0.0007787928615774338,
        "mean_psnr": 31.53635743459066,
        "mean_structure_score": 0.9376986841360728,
        "mean_bin_dice": 0.9975071609020233,
        "mean_edge_dice": 0.9413501660029093
      }
    },
    "方正字迹-惊鸿体 简": {
      "vae_pretrain_20260323_203321": {
        "mean_mae": 0.0028442557513092956,
        "mean_mse": 0.0003015394080042218,
        "mean_psnr": 35.50658690134684,
        "mean_structure_score": 0.9770564635594686,
        "mean_bin_dice": 0.9982408821582794,
        "mean_edge_dice": 0.9649154126644135
      },
      "vae_pretrain_20260323_203325": {
        "mean_mae": 0.003350256670576831,
        "mean_mse": 0.0004180696186570761,
        "mean_psnr": 34.16158873240153,
        "mean_structure_score": 0.9760086476802826,
        "mean_bin_dice": 0.9978707512219747,
        "mean_edge_dice": 0.9575559993584951
      },
      "vae_pretrain_20260323_212225": {
        "mean_mae": 0.0028071862179785967,
        "mean_mse": 0.000294103856140282,
        "mean_psnr": 35.58152389526367,
        "mean_structure_score": 0.9796931008497874,
        "mean_bin_dice": 0.9982840418815613,
        "mean_edge_dice": 0.9653367181619008
      },
      "vae_pretrain_20260323_215003": {
        "mean_mae": 0.0034383923164568843,
        "mean_mse": 0.0004354430449893698,
        "mean_psnr": 34.01307989756266,
        "mean_structure_score": 0.9692224641640981,
        "mean_bin_dice": 0.9978411833445231,
        "mean_edge_dice": 0.9572946866353352
      }
    },
    "方正字迹-龙吟体 简": {
      "vae_pretrain_20260323_203321": {
        "mean_mae": 0.0045708894108732545,
        "mean_mse": 0.0007482004419822867,
        "mean_psnr": 31.600794728597005,
        "mean_structure_score": 0.9255165537198384,
        "mean_bin_dice": 0.9969888786474864,
        "mean_edge_dice": 0.9427374680836995
      },
      "vae_pretrain_20260323_203325": {
        "mean_mae": 0.005526989814825356,
        "mean_mse": 0.0010713015906124686,
        "mean_psnr": 30.09562021891276,
        "mean_structure_score": 0.9255979518095653,
        "mean_bin_dice": 0.9963358521461487,
        "mean_edge_dice": 0.9320409794648489
      },
      "vae_pretrain_20260323_212225": {
        "mean_mae": 0.004553525273998578,
        "mean_mse": 0.0007474252178023259,
        "mean_psnr": 31.601585578918456,
        "mean_structure_score": 0.9300155381361643,
        "mean_bin_dice": 0.9969845275084178,
        "mean_edge_dice": 0.9432595630486806
      },
      "vae_pretrain_20260323_215003": {
        "mean_mae": 0.0055832242515559,
        "mean_mse": 0.0010869003095043202,
        "mean_psnr": 30.052265866597494,
        "mean_structure_score": 0.9157053331534067,
        "mean_bin_dice": 0.9963079631328583,
        "mean_edge_dice": 0.9308476626873017
      }
    },
    "方正清楷简": {
      "vae_pretrain_20260323_203321": {
        "mean_mae": 0.0029477267332064607,
        "mean_mse": 0.0003337845036488337,
        "mean_psnr": 35.200666936238605,
        "mean_structure_score": 0.9803936243057251,
        "mean_bin_dice": 0.9983371555805206,
        "mean_edge_dice": 0.9529793520768484
      },
      "vae_pretrain_20260323_203325": {
        "mean_mae": 0.0035865528082164627,
        "mean_mse": 0.0005013985787324297,
        "mean_psnr": 33.640427080790204,
        "mean_structure_score": 0.9763984978199005,
        "mean_bin_dice": 0.9978977501392364,
        "mean_edge_dice": 0.9420311252276102
      },
      "vae_pretrain_20260323_212225": {
        "mean_mae": 0.002928618073929101,
        "mean_mse": 0.0003317180647475955,
        "mean_psnr": 35.20915616353353,
        "mean_structure_score": 0.9802582641442616,
        "mean_bin_dice": 0.9983109414577485,
        "mean_edge_dice": 0.9526223520437876
      },
      "vae_pretrain_20260323_215003": {
        "mean_mae": 0.0036218693091844517,
        "mean_mse": 0.0005057038782979361,
        "mean_psnr": 33.559014828999835,
        "mean_structure_score": 0.9759498119354248,
        "mean_bin_dice": 0.9978822251160939,
        "mean_edge_dice": 0.9407603124777476
      }
    },
    "方正白舟大髭113 简": {
      "vae_pretrain_20260323_203321": {
        "mean_mae": 0.004870135018912454,
        "mean_mse": 0.0010582832532236353,
        "mean_psnr": 30.203667640686035,
        "mean_structure_score": 0.9401491244633993,
        "mean_bin_dice": 0.9962561587492625,
        "mean_edge_dice": 0.9376611073811849
      },
      "vae_pretrain_20260323_203325": {
        "mean_mae": 0.005901393146875004,
        "mean_mse": 0.0014711502716333294,
        "mean_psnr": 28.75584011077881,
        "mean_structure_score": 0.9468806385993958,
        "mean_bin_dice": 0.9953815321127574,
        "mean_edge_dice": 0.9220726490020752
      },
      "vae_pretrain_20260323_212225": {
        "mean_mae": 0.0048622811290745934,
        "mean_mse": 0.0010588960518362,
        "mean_psnr": 30.1974817276001,
        "mean_structure_score": 0.9477608978748322,
        "mean_bin_dice": 0.9962280432383219,
        "mean_edge_dice": 0.9356868704160054
      },
      "vae_pretrain_20260323_215003": {
        "mean_mae": 0.005975944882569213,
        "mean_mse": 0.0014900299671959754,
        "mean_psnr": 28.691501426696778,
        "mean_structure_score": 0.9422040283679962,
        "mean_bin_dice": 0.995308393239975,
        "mean_edge_dice": 0.9206792374451955
      }
    },
    "方正白舟忍者体 简": {
      "vae_pretrain_20260323_203321": {
        "mean_mae": 0.003191986435558647,
        "mean_mse": 0.00048791390290716665,
        "mean_psnr": 34.382636006673174,
        "mean_structure_score": 0.9391764362653097,
        "mean_bin_dice": 0.9978173772493998,
        "mean_edge_dice": 0.9645932177702586
      },
      "vae_pretrain_20260323_203325": {
        "mean_mae": 0.003997315349988639,
        "mean_mse": 0.0007170015315447624,
        "mean_psnr": 32.71901912689209,
        "mean_structure_score": 0.9477229754130045,
        "mean_bin_dice": 0.9972870886325836,
        "mean_edge_dice": 0.9558748165766399
      },
      "vae_pretrain_20260323_212225": {
        "mean_mae": 0.0031486563462143143,
        "mean_mse": 0.00048274224100168793,
        "mean_psnr": 34.47899990081787,
        "mean_structure_score": 0.9552126447359721,
        "mean_bin_dice": 0.9979344407717387,
        "mean_edge_dice": 0.9666387498378753
      },
      "vae_pretrain_20260323_215003": {
        "mean_mae": 0.0041633001528680325,
        "mean_mse": 0.000775096850945071,
        "mean_psnr": 32.56926784515381,