{
  "meta": {
    "target_chars": [
      "济",
      "愕",
      "样",
      "幔",
      "紫",
      "江",
      "眉",
      "铝",
      "盐",
      "聊",
      "跷",
      "培",
      "滩",
      "扇",
      "爪",
      "躏",
      "浴",
      "飒",
      "诊",
      "儿",
      "丑",
      "甩",
      "民",
      "蜡",
      "赵",
      "涩",
      "佃",
      "品",
      "累",
      "甲",
      "匪",
      "蓄",
      "蛮",
      "彤",
      "喇",
      "燃",
      "径",
      "茸",
      "掩",
      "巢",
      "驮",
      "烛",
      "古",
      "阵",
      "盏",
      "淋",
      "廉",
      "典",
      "而",
      "帜",
      "乓",
      "盯",
      "轴",
      "汉",
      "月",
      "踊",
      "炸",
      "值",
      "卜",
      "跃",
      "蒜",
      "湘",
      "尖",
      "帆",
      "翻",
      "卧",
      "帅",
      "幻",
      "宫",
      "妙",
      "贤",
      "遂",
      "渺",
      "臼",
      "逃",
      "星",
      "耀",
      "臣",
      "昨",
      "两",
      "嘉",
      "瞧",
      "计",
      "忽",
      "爬",
      "首",
      "评",
      "总",
      "靴",
      "励",
      "扑",
      "扣",
      "纳",
      "曾",
      "轩",
      "除",
      "坐",
      "斤",
      "鞋",
      "赋"
    ],
    "device": "cuda:0"
  },
  "results": {
    "train": {
      "num_samples": 30100,
      "fid": 13.796805060182976,
      "mae_mean": 0.07783892551978487,
      "mse_mean": 0.06109700775222213,
      "rmse_mean": 0.23315993106617683,
      "psnr_mean": 13.21776620746055,
      "ssim_mean": 0.7392729335538176,
      "perceptor_perceptual_mean": 0.8639232317781528
    },
    "val": {
      "num_samples": 1600,
      "fid": 29.9955568081958,
      "mae_mean": 0.12626436522463336,
      "mse_mean": 0.10788878305465914,
      "rmse_mean": 0.3137180504342541,
      "psnr_mean": 10.60096398383379,
      "ssim_mean": 0.6338402120396495,
      "perceptor_perceptual_mean": 1.1730327048245817
    }
  }
}