sample_index	font	target_char	style_chars_6	style_chars_12	gen6_l1	gen6_mse	gen6_cosine	gen12_l1	gen12_mse	gen12_cosine	gen6_vs_gen12_l1	gen6_vs_gen12_mse	gen6_vs_gen12_cosine
7238	方正兰亭宋简体	甩	唱了笆观节击	唱了笆观节击吓屁亡井济拼	0.26997601985931396	0.42710933089256287	0.7732207775115967	0.2835037410259247	0.45667141675949097	0.7578958868980408	0.01889519765973091	0.00946766696870327	0.9949297904968262
9517	方正姚体	民	非厅剿墅赵蹭	非厅剿墅赵蹭幔逆雕扑震糕	0.1596858948469162	0.2359173595905304	0.8762419819831848	0.15260368585586548	0.22126804292201996	0.8838861584663391	0.01529106218367815	0.011072516441345215	0.9941274523735046
5616	方正书宋简体	蜡	鲫苛吆些腿涉	鲫苛吆些腿涉检号陕拼啡苗	0.3152388632297516	0.5005553364753723	0.7303777933120728	0.3132932782173157	0.49630099534988403	0.7325129508972168	0.010156595148146152	0.0018188308458775282	0.9990127682685852
6027	方正俊黑简体	赵	炫膏蛤以铡芯	炫膏蛤以铡芯济半包翘辽驰	0.1882914900779724	0.2824314832687378	0.8510456085205078	0.188348650932312	0.28421828150749207	0.8501827716827393	0.011182651855051517	0.007319484371691942	0.9961029291152954
14574	方正超值体 简	涩	更趾众包卢申	更趾众包卢申曾俭此径匣燕	0.3227657675743103	0.5430904626846313	0.7127794623374939	0.34120646119117737	0.5786784291267395	0.6937418580055237	0.03312598913908005	0.03720960393548012	0.980042576789856
10203	方正字汇-快乐海涛体 简	佃	挥氏说俱二呈	挥氏说俱二呈三绅轮识项悍	0.40092071890830994	0.7144922614097595	0.6253255009651184	0.36839932203292847	0.6515715718269348	0.6585642099380493	0.057161323726177216	0.08355177938938141	0.9555546045303345
12733	方正字迹-童体毛笔字体	品	棠妒灭俱渗驱	棠妒灭俱渗驱誉直不烂喘平	0.334101140499115	0.5904401540756226	0.6921802163124084	0.3288821280002594	0.5776001214981079	0.6984884142875671	0.028386913239955902	0.0297345332801342	0.9842735528945923
8665	方正大黑简体	累	趾塔固洲经亮	趾塔固洲经亮鹉炫儿岩窗悦	0.19165755808353424	0.28855541348457336	0.8477039933204651	0.1897604912519455	0.28655627369880676	0.8488929271697998	0.009854955598711967	0.0029150480404496193	0.998449981212616
