{
  "checkpoint": "checkpoints/xpred_20260423_230719/ckpt_step_65000.pt",
  "num_samples": 8,
  "font_split": "test",
  "inference_steps": 20,
  "aggregation": "plain_mean_no_trim",
  "summary": {
    "gen6_l1": {
      "mean": 0.27282968163490295,
      "median": 0.26997601985931396,
      "std": 0.07984276115894318,
      "min": 0.1596858948469162,
      "max": 0.40092071890830994
    },
    "gen12_l1": {
      "mean": 0.2707497179508209,
      "median": 0.2835037410259247,
      "std": 0.07677830755710602,
      "min": 0.15260368585586548,
      "max": 0.36839932203292847
    },
    "gen6_mse": {
      "mean": 0.44782397150993347,
      "median": 0.42710933089256287,
      "std": 0.1586514711380005,
      "min": 0.2359173595905304,
      "max": 0.7144922614097595
    },
    "gen12_mse": {
      "mean": 0.44410812854766846,
      "median": 0.45667141675949097,
      "std": 0.15078848600387573,
      "min": 0.22126804292201996,
      "max": 0.6515715718269348
    },
    "gen6_cosine": {
      "mean": 0.7636094093322754,
      "median": 0.7303777933120728,
      "std": 0.0832226350903511,
      "min": 0.6253255009651184,
      "max": 0.8762419819831848
    },
    "gen12_cosine": {
      "mean": 0.7655205726623535,
      "median": 0.7325129508972168,
      "std": 0.07934249192476273,
      "min": 0.6585642099380493,
      "max": 0.8838861584663391
    },
    "gen6_vs_gen12_l1": {
      "mean": 0.02300683595240116,
      "median": 0.01529106218367815,
      "std": 0.015216036699712276,
      "min": 0.009854955598711967,
      "max": 0.057161323726177216
    },
    "gen6_vs_gen12_mse": {
      "mean": 0.022886184975504875,
      "median": 0.00946766696870327,
      "std": 0.025828752666711807,
      "min": 0.0018188308458775282,
      "max": 0.08355177938938141
    },
    "gen6_vs_gen12_cosine": {
      "mean": 0.9878116250038147,
      "median": 0.9941274523735046,
      "std": 0.013744705356657505,
      "min": 0.9555546045303345,
      "max": 0.9990127682685852
    }
  },
  "rows": [
    {
      "sample_index": 7238,
      "font": "方正兰亭宋简体",
      "target_char": "甩",
      "style_chars_6": "唱了笆观节击",
      "style_chars_12": "唱了笆观节击吓屁亡井济拼",
      "gen6_l1": 0.26997601985931396,
      "gen6_mse": 0.42710933089256287,
      "gen6_cosine": 0.7732207775115967,
      "gen12_l1": 0.2835037410259247,
      "gen12_mse": 0.45667141675949097,
      "gen12_cosine": 0.7578958868980408,
      "gen6_vs_gen12_l1": 0.01889519765973091,
      "gen6_vs_gen12_mse": 0.00946766696870327,
      "gen6_vs_gen12_cosine": 0.9949297904968262
    },
    {
      "sample_index": 9517,
      "font": "方正姚体",
      "target_char": "民",
      "style_chars_6": "非厅剿墅赵蹭",
      "style_chars_12": "非厅剿墅赵蹭幔逆雕扑震糕",
      "gen6_l1": 0.1596858948469162,
      "gen6_mse": 0.2359173595905304,
      "gen6_cosine": 0.8762419819831848,
      "gen12_l1": 0.15260368585586548,
      "gen12_mse": 0.22126804292201996,
      "gen12_cosine": 0.8838861584663391,
      "gen6_vs_gen12_l1": 0.01529106218367815,
      "gen6_vs_gen12_mse": 0.011072516441345215,
      "gen6_vs_gen12_cosine": 0.9941274523735046
    },
    {
      "sample_index": 5616,
      "font": "方正书宋简体",
      "target_char": "蜡",
      "style_chars_6": "鲫苛吆些腿涉",
      "style_chars_12": "鲫苛吆些腿涉检号陕拼啡苗",
      "gen6_l1": 0.3152388632297516,
      "gen6_mse": 0.5005553364753723,
      "gen6_cosine": 0.7303777933120728,
      "gen12_l1": 0.3132932782173157,
      "gen12_mse": 0.49630099534988403,
      "gen12_cosine": 0.7325129508972168,
      "gen6_vs_gen12_l1": 0.010156595148146152,
      "gen6_vs_gen12_mse": 0.0018188308458775282,
      "gen6_vs_gen12_cosine": 0.9990127682685852
    },
    {
      "sample_index": 6027,
      "font": "方正俊黑简体",
      "target_char": "赵",
      "style_chars_6": "炫膏蛤以铡芯",
      "style_chars_12": "炫膏蛤以铡芯济半包翘辽驰",
      "gen6_l1": 0.1882914900779724,
      "gen6_mse": 0.2824314832687378,
      "gen6_cosine": 0.8510456085205078,
      "gen12_l1": 0.188348650932312,
      "gen12_mse": 0.28421828150749207,
      "gen12_cosine": 0.8501827716827393,
      "gen6_vs_gen12_l1": 0.011182651855051517,
      "gen6_vs_gen12_mse": 0.007319484371691942,
      "gen6_vs_gen12_cosine": 0.9961029291152954
    },
    {
      "sample_index": 14574,
      "font": "方正超值体 简",
      "target_char": "涩",
      "style_chars_6": "更趾众包卢申",
      "style_chars_12": "更趾众包卢申曾俭此径匣燕",
      "gen6_l1": 0.3227657675743103,
      "gen6_mse": 0.5430904626846313,
      "gen6_cosine": 0.7127794623374939,
      "gen12_l1": 0.34120646119117737,
      "gen12_mse": 0.5786784291267395,
      "gen12_cosine": 0.6937418580055237,
      "gen6_vs_gen12_l1": 0.03312598913908005,
      "gen6_vs_gen12_mse": 0.03720960393548012,
      "gen6_vs_gen12_cosine": 0.980042576789856
    },
    {
      "sample_index": 10203,
      "font": "方正字汇-快乐海涛体 简",
      "target_char": "佃",
      "style_chars_6": "挥氏说俱二呈",
      "style_chars_12": "挥氏说俱二呈三绅轮识项悍",
      "gen6_l1": 0.40092071890830994,
      "gen6_mse": 0.7144922614097595,
      "gen6_cosine": 0.6253255009651184,
      "gen12_l1": 0.36839932203292847,
      "gen12_mse": 0.6515715718269348,
      "gen12_cosine": 0.6585642099380493,
      "gen6_vs_gen12_l1": 0.057161323726177216,
      "gen6_vs_gen12_mse": 0.08355177938938141,
      "gen6_vs_gen12_cosine": 0.9555546045303345
    },
    {
      "sample_index": 12733,
      "font": "方正字迹-童体毛笔字体",
      "target_char": "品",
      "style_chars_6": "棠妒灭俱渗驱",
      "style_chars_12": "棠妒灭俱渗驱誉直不烂喘平",
      "gen6_l1": 0.334101140499115,
      "gen6_mse": 0.5904401540756226,
      "gen6_cosine": 0.6921802163124084,
      "gen12_l1": 0.3288821280002594,
      "gen12_mse": 0.5776001214981079,
      "gen12_cosine": 0.6984884142875671,
      "gen6_vs_gen12_l1": 0.028386913239955902,
      "gen6_vs_gen12_mse": 0.0297345332801342,
      "gen6_vs_gen12_cosine": 0.9842735528945923
    },
    {
      "sample_index": 8665,
      "font": "方正大黑简体",
      "target_char": "累",
      "style_chars_6": "趾塔固洲经亮",
      "style_chars_12": "趾塔固洲经亮鹉炫儿岩窗悦",
      "gen6_l1": 0.19165755808353424,
      "gen6_mse": 0.28855541348457336,
      "gen6_cosine": 0.8477039933204651,
      "gen12_l1": 0.1897604912519455,
      "gen12_mse": 0.28655627369880676,
      "gen12_cosine": 0.8488929271697998,
      "gen6_vs_gen12_l1": 0.009854955598711967,
      "gen6_vs_gen12_mse": 0.0029150480404496193,
      "gen6_vs_gen12_cosine": 0.998449981212616
    }
  ]
}