{
  "count": 200,
  "entropy": {
    "mid": {
      "mean": 0.9555283519577888,
      "std": 0.01367925866579887
    },
    "up_16": {
      "mean": 0.7596896648833261,
      "std": 0.008722747253191103
    },
    "up_32": {
      "mean": 0.9582559868098816,
      "std": 0.00794462086210643
    }
  },
  "pair_cosine": {
    "mid__up_16": {
      "mean": 0.07718096074472455,
      "std": 0.020348762391956012
    },
    "mid__up_32": {
      "mean": 0.33698177549173425,
      "std": 0.08663929678946433
    },
    "up_16__up_32": {
      "mean": 0.43289797612813724,
      "std": 0.04127586931757558
    }
  },
  "pair_overlap": {
    "mid__up_16": {
      "mean": 0.10370451439960926,
      "std": 0.019422934657794072
    },
    "mid__up_32": {
      "mean": 0.36906074490061336,
      "std": 0.07066074457136202
    },
    "up_16__up_32": {
      "mean": 0.2868458823876854,
      "std": 0.022390791561175075
    }
  }
}