{
  "count": 50,
  "entropy": {
    "mid": {
      "mean": 0.957086402563665,
      "std": 0.011172230262410265
    },
    "up_16": {
      "mean": 0.7687119257472018,
      "std": 0.007989707840040935
    },
    "up_32": {
      "mean": 0.9553765453671487,
      "std": 0.008323998319730342
    }
  },
  "pair_cosine": {
    "mid__up_16": {
      "mean": 0.08660034599468541,
      "std": 0.019700917589528598
    },
    "mid__up_32": {
      "mean": 0.33511957658612296,
      "std": 0.08016769345255387
    },
    "up_16__up_32": {
      "mean": 0.4285028590694604,
      "std": 0.03596887312939794
    }
  },
  "pair_overlap": {
    "mid__up_16": {
      "mean": 0.11668726995986216,
      "std": 0.018702783094340262
    },
    "mid__up_32": {
      "mean": 0.364090356797505,
      "std": 0.06665941545743044
    },
    "up_16__up_32": {
      "mean": 0.2921211809481385,
      "std": 0.018813474183177643
    }
  }
}