{
  "checkpoint": "checkpoints/xpred_20260423_230719/ckpt_step_50000.pt",
  "checkpoint_step": 50000,
  "num_samples": 5,
  "groups_per_sample": 8,
  "style_ref_count": 6,
  "sample_indices": [
    192158,
    73194,
    233303,
    157222,
    191991
  ],
  "overall": {
    "normal_vs_trimmed_cosine": {
      "mean": 0.9985637664794922,
      "median": 0.9986639618873596,
      "std": 0.0005810542497783899,
      "min": 0.9963873028755188,
      "max": 0.9991812109947205,
      "q1": 0.9984601140022278,
      "q3": 0.9989598393440247
    },
    "l1": {
      "mean": 0.030242640525102615,
      "median": 0.0289907269179821,
      "std": 0.0037830043584108353,
      "min": 0.024532217532396317,
      "max": 0.043823305517435074,
      "q1": 0.027706513181328773,
      "q3": 0.03194935992360115
    },
    "relative_l1_to_normal_abs_mean": {
      "mean": 0.052054524421691895,
      "median": 0.05020807683467865,
      "std": 0.009538558311760426,
      "min": 0.040301647037267685,
      "max": 0.08960667252540588,
      "q1": 0.04529546946287155,
      "q3": 0.05557930842041969
    },
    "normal_cross_group_cosine_mean_by_sample": {
      "mean": 0.9768217206001282,
      "median": 0.978887677192688,
      "std": 0.005116135813295841,
      "min": 0.9685677289962769,
      "max": 0.981742799282074,
      "q1": 0.9733651876449585,
      "q3": 0.9815453886985779
    },
    "trimmed_cross_group_cosine_mean_by_sample": {
      "mean": 0.9753285646438599,
      "median": 0.9771537184715271,
      "std": 0.005029615480452776,
      "min": 0.9667008519172668,
      "max": 0.9802801012992859,
      "q1": 0.972900927066803,
      "q3": 0.9796070456504822
    },
    "trimmed_minus_normal_cross_group_cosine": {
      "mean": -0.0014932274352759123,
      "median": -0.0017339587211608887,
      "std": 0.0005395180196501315,
      "min": -0.0019383430480957031,
      "max": -0.0004642605781555176,
      "q1": -0.0018668770790100098,
      "q3": -0.001462697982788086
    }
  },
  "samples": [
    {
      "sample_pos": 0,
      "sample_index": 192158,
      "font": "方正水柱简体",
      "target_char": "更",
      "groups": 8,
      "normal_vs_trimmed_cosine": {
        "mean": 0.9979686141014099,
        "median": 0.9980523586273193,
        "std": 0.0005057716625742614,
        "min": 0.9967474937438965,
        "max": 0.9985610246658325,
        "q1": 0.9979225397109985,
        "q3": 0.9982367157936096
      },
      "l1": {
        "mean": 0.03244056552648544,
        "median": 0.03087252750992775,
        "std": 0.0033592088147997856,
        "min": 0.028736421838402748,
        "max": 0.03965379297733307,
        "q1": 0.03045763447880745,
        "q3": 0.032971322536468506
      },
      "rmse": {
        "mean": 0.04355508089065552,
        "median": 0.04114174470305443,
        "std": 0.005063918419182301,
        "min": 0.038489531725645065,
        "max": 0.05475902184844017,
        "q1": 0.04030011221766472,
        "q3": 0.044646963477134705
      },
      "max_abs": {
        "mean": 0.2978746294975281,
        "median": 0.2660929262638092,
        "std": 0.045603565871715546,
        "min": 0.2474161833524704,
        "max": 0.3818868100643158,
        "q1": 0.2629547119140625,
        "q3": 0.3344500958919525
      },
      "relative_l1_to_normal_abs_mean": {
        "mean": 0.06041035056114197,
        "median": 0.05817926302552223,
        "std": 0.007319041062146425,
        "min": 0.05032292753458023,
        "max": 0.07671703398227692,
        "q1": 0.05664834380149841,
        "q3": 0.06194741278886795
      },
      "normal_cross_group_cosine": {
        "mean": 0.9685677289962769,
        "median": 0.969577968120575,
        "std": 0.008958349004387856,
        "min": 0.94870924949646,
        "max": 0.9835647344589233,
        "q1": 0.9614326357841492,
        "q3": 0.9753676652908325
      },
      "trimmed_cross_group_cosine": {
        "mean": 0.9667008519172668,
        "median": 0.9673717021942139,
        "std": 0.008261783979833126,
        "min": 0.9482910633087158,
        "max": 0.9808168411254883,
        "q1": 0.9608590006828308,
        "q3": 0.9729325771331787
      }
    },
    {
      "sample_pos": 1,
      "sample_index": 73194,
      "font": "方正兰亭黑长简体",
      "target_char": "榆",
      "groups": 8,
      "normal_vs_trimmed_cosine": {
        "mean": 0.9984519481658936,
        "median": 0.9986201524734497,
        "std": 0.0008051912300288677,
        "min": 0.9963873028755188,
        "max": 0.9991812109947205,
        "q1": 0.9985365867614746,
        "q3": 0.9988080859184265
      },
      "l1": {
        "mean": 0.03186680004000664,
        "median": 0.03110676072537899,
        "std": 0.005086246412247419,
        "min": 0.02514290064573288,
        "max": 0.043823305517435074,
        "q1": 0.029653672128915787,
        "q3": 0.03216850012540817
      },
      "rmse": {
        "mean": 0.042936984449625015,
        "median": 0.04185887426137924,
        "std": 0.00734342448413372,
        "min": 0.033144112676382065,
        "max": 0.060192812234163284,
        "q1": 0.03994613513350487,
        "q3": 0.0436384417116642
      },
      "max_abs": {
        "mean": 0.3016805350780487,
        "median": 0.27555346488952637,
        "std": 0.0716354250907898,
        "min": 0.23111963272094727,
        "max": 0.47802734375,
        "q1": 0.26570063829421997,
        "q3": 0.306915283203125
      },
      "relative_l1_to_normal_abs_mean": {
        "mean": 0.0545697845518589,
        "median": 0.04962143301963806,
        "std": 0.013954633846879005,
        "min": 0.040301647037267685,
        "max": 0.08960667252540588,
        "q1": 0.04808938130736351,
        "q3": 0.05485109984874725
      },
      "normal_cross_group_cosine": {
        "mean": 0.9733651876449585,
        "median": 0.9782068729400635,
        "std": 0.011678755283355713,
        "min": 0.946850061416626,
        "max": 0.9877486228942871,
        "q1": 0.9704684019088745,
        "q3": 0.9812052845954895
      },
      "trimmed_cross_group_cosine": {
        "mean": 0.972900927066803,
        "median": 0.9762026071548462,
        "std": 0.009574797935783863,
        "min": 0.950163722038269,
        "max": 0.9856172204017639,
        "q1": 0.9698160886764526,
        "q3": 0.9792081117630005
      }
    },
    {
      "sample_pos": 2,
      "sample_index": 233303,
      "font": "方正粗黑宋简体",
      "target_char": "它",
      "groups": 8,
      "normal_vs_trimmed_cosine": {
        "mean": 0.9986797571182251,
        "median": 0.9986639618873596,
        "std": 0.0003486406058073044,
        "min": 0.9978998899459839,
        "max": 0.9990896582603455,
        "q1": 0.998578667640686,
        "q3": 0.9989526271820068
      },
      "l1": {
        "mean": 0.02749551273882389,
        "median": 0.027567964047193527,
        "std": 0.002364078536629677,
        "min": 0.024532217532396317,
        "max": 0.03241988271474838,
        "q1": 0.025825442746281624,
        "q3": 0.028338387608528137
      },
      "rmse": {
        "mean": 0.03682778775691986,
        "median": 0.03678947314620018,
        "std": 0.00355912814848125,
        "min": 0.03241969272494316,
        "max": 0.044668734073638916,
        "q1": 0.0344221368432045,
        "q3": 0.03759501874446869
      },
      "max_abs": {
        "mean": 0.2541774809360504,
        "median": 0.23356127738952637,
        "std": 0.04099056124687195,
        "min": 0.21327972412109375,
        "max": 0.3399192690849304,
        "q1": 0.22940826416015625,
        "q3": 0.26120665669441223
      },
      "relative_l1_to_normal_abs_mean": {
        "mean": 0.050552450120449066,
        "median": 0.05020807683467865,
        "std": 0.006050487514585257,
        "min": 0.04254581779241562,
        "max": 0.06260057538747787,
        "q1": 0.04561738669872284,
        "q3": 0.05340038985013962
      },
      "normal_cross_group_cosine": {
        "mean": 0.978887677192688,
        "median": 0.9781193137168884,