{
  "epoch": 1,
  "lambda_kl_eff": 3.9999998989515007e-05,
  "latent_norm_mean_abs": 0.19787113182246685,
  "latent_norm_std_mean": 0.35536735504865646,
  "loss": 1.403412289917469,
  "loss_kl": 0.11509487545117736,
  "loss_latent_corr": 0.11465498059988022,
  "loss_latent_mean": 0.04451033193618059,
  "loss_latent_std": 0.41841241903603077,
  "loss_perc": 2.6212034970521927,
  "loss_rec": 0.931070763617754,
  "step": 1,
  "val_batches": 16.0,
  "val_elapsed_sec": 0.6516437530517578
}