{
  "checkpoint": "/scratch/yangximing/code/ass5-exp6/DiffuFont/checkpoints/vae_pretrain_20260322_225822/best.pt",
  "font_split": "all",
  "seed": 42,
  "chars_per_font": 2,
  "font_count": 2,
  "sample_count": 4,
  "mean_mae_all_fonts": 0.0016493071452714503,
  "mean_mse_all_fonts": 5.917416547163157e-05,
  "mean_psnr_all_fonts": 42.437766144325046,
  "mean_bin_iou_all_fonts": 0.9796765302410629,
  "mean_bin_dice_all_fonts": 0.9896769857717083,
  "mean_edge_dice_all_fonts": 0.981040324842395,
  "mean_component_abs_diff_all_fonts": 0.0,
  "mean_fg_ratio_abs_diff_all_fonts": 0.0025482177734375,
  "mean_structure_score_all_fonts": 0.9862223213999829,
  "latent_global_metrics": {
    "latent_abs_mean": 0.1250435635447502,
    "latent_std_sample_mean": 1.275434821844101,
    "spatial_tv_norm_mean": 0.6748183283510182,
    "spatial_laplacian_norm_mean": 1.2132816029650662,
    "neighbor_cosine_mean": 0.5391022898256779,
    "posterior_std_mean": 0.04451864492148161,
    "posterior_std_std_mean": 0.06648941803723574,
    "channel_std_cv_mean": 0.28559904504385747,
    "latent_global_mean": 0.12504357123759746,
    "latent_global_std": 1.2762157162618128,
    "latent_skew": -0.14893892740792886,
    "latent_excess_kurtosis": 0.6734440556986279,
    "channel_std_cv_global": 0.26431281477320673,
    "channel_corr_abs_mean": 0.27729120866892465,
    "latent_image_distance_corr": 0.4481087509086712,
    "semantic_pair_count": 4
  },
  "best10_by_mae": [
    {
      "font": "GF_ofl_mashanzheng_MaShanZheng-Regular",
      "mean_mae": 0.0012110871612094343,
      "mean_mse": 4.977462413080502e-05,
      "mean_psnr": 43.171885440889504,
      "mean_structure_score": 0.9943782586795036,
      "chars": [
        "愕",
        "济"
      ]
    },
    {
      "font": "GF_ofl_notosanssc_NotoSansSC[wght]",
      "mean_mae": 0.0020875271293334663,
      "mean_mse": 6.857370681245811e-05,
      "mean_psnr": 41.70364684776059,
      "mean_structure_score": 0.9780663841204622,
      "chars": [
        "样",
        "幔"
      ]
    }
  ],
  "worst10_by_mae": [
    {
      "font": "GF_ofl_mashanzheng_MaShanZheng-Regular",
      "mean_mae": 0.0012110871612094343,
      "mean_mse": 4.977462413080502e-05,
      "mean_psnr": 43.171885440889504,
      "mean_structure_score": 0.9943782586795036,
      "chars": [
        "愕",
        "济"
      ]
    },
    {
      "font": "GF_ofl_notosanssc_NotoSansSC[wght]",
      "mean_mae": 0.0020875271293334663,
      "mean_mse": 6.857370681245811e-05,
      "mean_psnr": 41.70364684776059,
      "mean_structure_score": 0.9780663841204622,
      "chars": [
        "样",
        "幔"
      ]
    }
  ],
  "best10_by_structure_score": [
    {
      "font": "GF_ofl_mashanzheng_MaShanZheng-Regular",
      "mean_structure_score": 0.9943782586795036,
      "mean_bin_dice": 0.9967155089709747,
      "mean_edge_dice": 0.9908723832422968,
      "mean_mae": 0.0012110871612094343,
      "chars": [
        "愕",
        "济"
      ]
    },
    {
      "font": "GF_ofl_notosanssc_NotoSansSC[wght]",
      "mean_structure_score": 0.9780663841204622,
      "mean_bin_dice": 0.9826384625724417,
      "mean_edge_dice": 0.9712082664424931,
      "mean_mae": 0.0020875271293334663,
      "chars": [
        "样",
        "幔"
      ]
    }
  ],
  "worst10_by_structure_score": [
    {
      "font": "GF_ofl_mashanzheng_MaShanZheng-Regular",
      "mean_structure_score": 0.9943782586795036,
      "mean_bin_dice": 0.9967155089709747,
      "mean_edge_dice": 0.9908723832422968,
      "mean_mae": 0.0012110871612094343,
      "chars": [
        "愕",
        "济"
      ]
    },
    {
      "font": "GF_ofl_notosanssc_NotoSansSC[wght]",
      "mean_structure_score": 0.9780663841204622,
      "mean_bin_dice": 0.9826384625724417,
      "mean_edge_dice": 0.9712082664424931,
      "mean_mae": 0.0020875271293334663,
      "chars": [
        "样",
        "幔"
      ]
    }
  ],
  "per_font": [
    {
      "font": "GF_ofl_mashanzheng_MaShanZheng-Regular",
      "mean_mae": 0.0012110871612094343,
      "mean_mse": 4.977462413080502e-05,
      "mean_psnr": 43.171885440889504,
      "mean_bin_iou": 0.9934526459361415,
      "mean_bin_dice": 0.9967155089709747,
      "mean_edge_dice": 0.9908723832422968,
      "mean_component_abs_diff": 0.0,
      "mean_fg_ratio_abs_diff": 0.000274658203125,
      "mean_structure_score": 0.9943782586795036,
      "mean_latent_abs_mean": 0.11172917857766151,
      "mean_latent_std": 1.2731234431266785,
      "mean_spatial_tv_norm": 0.6825587729803693,
      "mean_spatial_laplacian_norm": 1.2141454862165166,
      "mean_neighbor_cosine": 0.5180153548717499,
      "mean_posterior_std_mean": 0.05952955596148968,
      "samples": [
        {
          "char": "愕",
          "mae": 0.001372364698909223,
          "mse": 6.229629798326641e-05,
          "psnr": 42.05537760936494,
          "bin_iou": 0.9929577464788732,
          "bin_dice": 0.9964664310954063,
          "edge_dice": 0.9909638554216867,
          "component_abs_diff": 0.0,
          "fg_ratio_abs_diff": 0.00018310546875,
          "structure_score": 0.9942654008259185,
          "latent_abs_mean": 0.10169702768325806,
          "latent_std": 1.30189847946167,
          "spatial_tv_norm": 0.7145462057174377,
          "spatial_laplacian_norm": 1.2834298253035679,
          "neighbor_cosine_mean": 0.48588797450065613,
          "posterior_std_mean": 0.049849484115839005,
          "posterior_std_std": 0.0745023861527443,
          "channel_std_cv": 0.39243232452344984
        },
        {
          "char": "济",
          "mae": 0.0010498096235096455,
          "mse": 3.725295027834363e-05,
          "psnr": 44.28839327241407,
          "bin_iou": 0.9939475453934096,
          "bin_dice": 0.996964586846543,
          "edge_dice": 0.9907809110629068,
          "component_abs_diff": 0.0,
          "fg_ratio_abs_diff": 0.0003662109375,
          "structure_score": 0.9944911165330885,
          "latent_abs_mean": 0.12176132947206497,
          "latent_std": 1.244348406791687,
          "spatial_tv_norm": 0.6505713402433009,
          "spatial_laplacian_norm": 1.1448611471294652,
          "neighbor_cosine_mean": 0.5501427352428436,
          "posterior_std_mean": 0.06920962780714035,
          "posterior_std_std": 0.09498324990272522,
          "channel_std_cv": 0.4322725587475924
        }
      ]
    },
    {
      "font": "GF_ofl_notosanssc_NotoSansSC[wght]",
      "mean_mae": 0.0020875271293334663,
      "mean_mse": 6.857370681245811e-05,
      "mean_psnr": 41.70364684776059,
      "mean_bin_iou": 0.9659004145459844,
      "mean_bin_dice": 0.9826384625724417,
      "mean_edge_dice": 0.9712082664424931,
      "mean_component_abs_diff": 0.0,
      "mean_fg_ratio_abs_diff": 0.00482177734375,
      "mean_structure_score": 0.9780663841204622,
      "mean_latent_abs_mean": 0.1383579485118389,
      "mean_latent_std": 1.2777462005615234,
      "mean_spatial_tv_norm": 0.6670778837216671,
      "mean_spatial_laplacian_norm": 1.2124177197136152,
      "mean_neighbor_cosine": 0.5601892247796059,
      "mean_posterior_std_mean": 0.02950773388147354,
      "samples": [
        {
          "char": "样",
          "mae": 0.0017146983882412314,
          "mse": 5.6777884310577065e-05,
          "psnr": 42.45820794433631,
          "bin_iou": 0.9736983360171766,
          "bin_dice": 0.9866739189556704,
          "edge_dice": 0.9776696882600044,
          "component_abs_diff": 0.0,
          "fg_ratio_abs_diff": 0.00250244140625,
          "structure_score": 0.983072226677404,
          "latent_abs_mean": 0.11829356104135513,
          "latent_std": 1.2299063205718994,
          "spatial_tv_norm": 0.6031380407207303,
          "spatial_laplacian_norm": 1.1031726915882814,
          "neighbor_cosine_mean": 0.6376456916332245,
          "posterior_std_mean": 0.03422628343105316,
          "posterior_std_std": 0.04914483800530434,
          "channel_std_cv": 0.16586456270816274
        },
        {
          "char": "幔",