font	mae_6ch	mae_8ch	mae_10ch	delta_6_minus_8	delta_8_minus_10	delta_6_minus_10
方正粉丝天下简体	0.005806	0.005253	0.005043	+0.000553	+0.000210	+0.000763
方正罗曼斜体 简-EB	0.006526	0.006257	0.005781	+0.000270	+0.000476	+0.000746
方正字迹-龙吟体 简	0.006629	0.005999	0.005535	+0.000630	+0.000463	+0.001093
方正白舟大髭113 简	0.006109	0.005577	0.005322	+0.000532	+0.000255	+0.000787
方正罗曼斜体 简-R	0.007035	0.006843	0.006314	+0.000191	+0.000530	+0.000721
方正瘦金书简体	0.005334	0.004932	0.004724	+0.000402	+0.000209	+0.000611
方正侠客体 简	0.004251	0.004099	0.003779	+0.000152	+0.000320	+0.000472
方正德赛黑简体 501L	0.003419	0.003177	0.002902	+0.000242	+0.000275	+0.000518
