{
  "20": {
    "image": "/scratch/yangximing/code/ass5-exp6/DiffuFont/analysis/xpred_20260417_113804_trainsample_compare/trainsample_20steps.png",
    "mae": 0.9505337476730347,
    "mse": 1.8291064500808716
  },
  "50": {
    "image": "/scratch/yangximing/code/ass5-exp6/DiffuFont/analysis/xpred_20260417_113804_trainsample_compare/trainsample_50steps.png",
    "mae": 0.8090003728866577,
    "mse": 1.4508979320526123
  }
}