{
  "meta": {
    "device": "cuda:1",
    "checkpoint_step": 100000,
    "num_target_chars": 100,
    "eval_seed": 42,
    "style_ref_count": 6,
    "num_train_fonts": 301,
    "num_val_fonts": 16,
    "target_chars": [
      "济",
      "愕",
      "样",
      "幔",
      "紫",
      "江",
      "眉",
      "铝",
      "盐",
      "聊",
      "跷",
      "培",
      "滩",
      "扇",
      "爪",
      "躏",
      "浴",
      "飒",
      "诊",
      "儿",
      "丑",
      "甩",
      "民",
      "蜡",
      "赵",
      "涩",
      "佃",
      "品",
      "累",
      "甲",
      "匪",
      "蓄",
      "蛮",
      "彤",
      "喇",
      "燃",
      "径",
      "茸",
      "掩",
      "巢",
      "驮",
      "烛",
      "古",
      "阵",
      "盏",
      "淋",
      "廉",
      "典",
      "而",
      "帜",
      "乓",
      "盯",
      "轴",
      "汉",
      "月",
      "踊",
      "炸",
      "值",
      "卜",
      "跃",
      "蒜",
      "湘",
      "尖",
      "帆",
      "翻",
      "卧",
      "帅",
      "幻",
      "宫",
      "妙",
      "贤",
      "遂",
      "渺",
      "臼",
      "逃",
      "星",
      "耀",
      "臣",
      "昨",
      "两",
      "嘉",
      "瞧",
      "计",
      "忽",
      "爬",
      "首",
      "评",
      "总",
      "靴",
      "励",
      "扑",
      "扣",
      "纳",
      "曾",
      "轩",
      "除",
      "坐",
      "斤",
      "鞋",
      "赋"
    ],
    "perceptor_checkpoint": "/scratch/yangximing/code/ass5-exp6/DiffuFont/checkpoints/font_perceptor_20260407_135124/best.pt"
  },
  "results": {
    "cross_attn": {
      "train": {
        "num_samples": 30100,
        "fid": 17.569250623671053,
        "mae_mean": 0.07760002969544492,
        "mse_mean": 0.059946781757235085,
        "rmse_mean": 0.23108019663175672,
        "psnr_mean": 13.289291605727618,
        "ssim_mean": 0.7404206117007424,
        "perceptor_perceptual_mean": 0.8584794135659042
      },
      "val": {
        "num_samples": 1600,
        "fid": 32.70317748069192,
        "mae_mean": 0.12794654982397333,
        "mse_mean": 0.10854912357608555,
        "rmse_mean": 0.31443256433820355,
        "psnr_mean": 10.584064698219299,
        "ssim_mean": 0.6313941584341228,
        "perceptor_perceptual_mean": 1.1809337485767901
      }
    },
    "global_attn_mlp": {
      "train": {
        "num_samples": 30100,
        "fid": 19.569300139047073,
        "mae_mean": 0.07950096473812537,
        "mse_mean": 0.061731139644222374,
        "rmse_mean": 0.23466213472880595,
        "psnr_mean": 13.147499367755117,
        "ssim_mean": 0.7344262529330396,
        "perceptor_perceptual_mean": 0.8715739374808299
      },
      "val": {
        "num_samples": 1600,
        "fid": 34.418404610879946,
        "mae_mean": 0.12164189829083626,
        "mse_mean": 0.10211212764319498,
        "rmse_mean": 0.30537795115727934,
        "psnr_mean": 10.794275817573071,
        "ssim_mean": 0.6411981874145567,
        "perceptor_perceptual_mean": 1.155417119693011
      }
    }
  }
}