{
  "k": 16,
  "selected": 400,
  "p95_d": 0.31103742122650146,
  "min_cluster_size": 62,
  "max_cluster_size": 557,
  "max_min_ratio": 8.983870967741936
}