{
  "drop_trained_checkpoint": "checkpoints/xpred_20260423_230719/ckpt_step_70000.pt",
  "mean_trained_checkpoint": "checkpoints/xpred_20260424_182507/ckpt_step_70000.pt",
  "samples_per_font": 2,
  "eval_batch_size": 4,
  "inference_steps": 1,
  "style_ref_count": 6,
  "split_meta": {
    "train": {
      "available_fonts": 301,
      "used_fonts": 1,
      "samples": 2,
      "max_fonts": 1
    },
    "test": {
      "available_fonts": 16,
      "used_fonts": 1,
      "samples": 2,
      "max_fonts": 1
    }
  },
  "summary_by_split_combo": {
    "split=test__combo=trained_drop_minmax__infer_drop_minmax": {
      "l1": {
        "count": 2,
        "mean": 0.37008681893348694,
        "median": 0.3349614143371582,
        "std": 0.035125404596328735,
        "min": 0.3349614143371582,
        "max": 0.4052122235298157
      },
      "mse": {
        "count": 2,
        "mean": 0.3249184787273407,
        "median": 0.2836498022079468,
        "std": 0.04126867651939392,
        "min": 0.2836498022079468,
        "max": 0.3661871552467346
      },
      "cosine": {
        "count": 2,
        "mean": 0.8151441216468811,
        "median": 0.7869471311569214,
        "std": 0.028196990489959717,
        "min": 0.7869471311569214,
        "max": 0.8433411121368408
      }
    },
    "split=test__combo=trained_drop_minmax__infer_mean": {
      "l1": {
        "count": 2,
        "mean": 0.3693434000015259,
        "median": 0.33327510952949524,
        "std": 0.03606829047203064,
        "min": 0.33327510952949524,
        "max": 0.4054116904735565
      },
      "mse": {
        "count": 2,
        "mean": 0.3243372440338135,
        "median": 0.2809452414512634,
        "std": 0.043391987681388855,
        "min": 0.2809452414512634,
        "max": 0.36772921681404114
      },
      "cosine": {
        "count": 2,
        "mean": 0.8154590129852295,
        "median": 0.7858412265777588,
        "std": 0.02961781620979309,
        "min": 0.7858412265777588,
        "max": 0.845076858997345
      }
    },
    "split=test__combo=trained_mean__infer_drop_minmax": {
      "l1": {
        "count": 2,
        "mean": 0.3725872039794922,
        "median": 0.3304683566093445,
        "std": 0.0421188622713089,
        "min": 0.3304683566093445,
        "max": 0.4147060811519623
      },
      "mse": {
        "count": 2,
        "mean": 0.3378508687019348,
        "median": 0.2847461998462677,
        "std": 0.053104668855667114,
        "min": 0.2847461998462677,
        "max": 0.39095553755760193
      },
      "cosine": {
        "count": 2,
        "mean": 0.8059508800506592,
        "median": 0.7697111964225769,
        "std": 0.036239683628082275,
        "min": 0.7697111964225769,
        "max": 0.8421905636787415
      }
    },
    "split=test__combo=trained_mean__infer_mean": {
      "l1": {
        "count": 2,
        "mean": 0.3724205791950226,
        "median": 0.3302967846393585,
        "std": 0.04212379455566406,
        "min": 0.3302967846393585,
        "max": 0.41454437375068665
      },
      "mse": {
        "count": 2,
        "mean": 0.3365073502063751,
        "median": 0.28364652395248413,
        "std": 0.05286082625389099,
        "min": 0.28364652395248413,
        "max": 0.3893681764602661
      },
      "cosine": {
        "count": 2,
        "mean": 0.8068763017654419,
        "median": 0.7708194851875305,
        "std": 0.036056846380233765,
        "min": 0.7708194851875305,
        "max": 0.842933177947998
      }
    },
    "split=train__combo=trained_drop_minmax__infer_drop_minmax": {
      "l1": {
        "count": 2,
        "mean": 0.28515735268592834,
        "median": 0.2816528081893921,
        "std": 0.003504544496536255,
        "min": 0.2816528081893921,
        "max": 0.2886618971824646
      },
      "mse": {
        "count": 2,
        "mean": 0.2843078076839447,
        "median": 0.26422831416130066,
        "std": 0.020079493522644043,
        "min": 0.26422831416130066,
        "max": 0.30438730120658875
      },
      "cosine": {
        "count": 2,
        "mean": 0.8406684994697571,
        "median": 0.8292789459228516,
        "std": 0.011389553546905518,
        "min": 0.8292789459228516,
        "max": 0.8520580530166626
      }
    },
    "split=train__combo=trained_drop_minmax__infer_mean": {
      "l1": {
        "count": 2,
        "mean": 0.2866728901863098,
        "median": 0.2843366265296936,
        "std": 0.002336278557777405,
        "min": 0.2843366265296936,
        "max": 0.2890091836452484
      },
      "mse": {
        "count": 2,
        "mean": 0.2865058481693268,
        "median": 0.268836110830307,
        "std": 0.017669737339019775,
        "min": 0.268836110830307,
        "max": 0.30417558550834656
      },
      "cosine": {
        "count": 2,
        "mean": 0.8393197655677795,
        "median": 0.8293827772140503,
        "std": 0.009936988353729248,
        "min": 0.8293827772140503,
        "max": 0.8492567539215088
      }
    },
    "split=train__combo=trained_mean__infer_drop_minmax": {
      "l1": {
        "count": 2,
        "mean": 0.290221631526947,
        "median": 0.28878092765808105,
        "std": 0.0014407038688659668,
        "min": 0.28878092765808105,
        "max": 0.291662335395813
      },
      "mse": {
        "count": 2,
        "mean": 0.28763172030448914,
        "median": 0.275429368019104,
        "std": 0.012202352285385132,
        "min": 0.275429368019104,
        "max": 0.29983407258987427
      },
      "cosine": {
        "count": 2,
        "mean": 0.8385174870491028,
        "median": 0.8317979574203491,
        "std": 0.006719529628753662,
        "min": 0.8317979574203491,
        "max": 0.8452370166778564
      }
    },
    "split=train__combo=trained_mean__infer_mean": {
      "l1": {
        "count": 2,
        "mean": 0.2924150228500366,
        "median": 0.291882187128067,
        "std": 0.0005328357219696045,
        "min": 0.291882187128067,
        "max": 0.2929478585720062
      },
      "mse": {
        "count": 2,
        "mean": 0.29238203167915344,
        "median": 0.28050631284713745,
        "std": 0.011875718832015991,
        "min": 0.28050631284713745,
        "max": 0.30425775051116943
      },
      "cosine": {
        "count": 2,
        "mean": 0.8356621861457825,
        "median": 0.8291844129562378,
        "std": 0.006477773189544678,
        "min": 0.8291844129562378,
        "max": 0.8421399593353271
      }
    }
  },
  "summary_by_combo": {
    "combo=trained_drop_minmax__infer_drop_minmax": {
      "l1": {
        "count": 4,
        "mean": 0.32762208580970764,
        "median": 0.2886618971824646,
        "std": 0.04925740137696266,
        "min": 0.2816528081893921,
        "max": 0.4052122235298157
      },
      "mse": {
        "count": 4,
        "mean": 0.3046131432056427,
        "median": 0.2836498022079468,
        "std": 0.038281217217445374,
        "min": 0.26422831416130066,
        "max": 0.3661871552467346
      },
      "cosine": {
        "count": 4,
        "mean": 0.8279063105583191,
        "median": 0.8292789459228516,
        "std": 0.025005390867590904,
        "min": 0.7869471311569214,
        "max": 0.8520580530166626
      }
    },
    "combo=trained_drop_minmax__infer_mean": {
      "l1": {
        "count": 4,
        "mean": 0.32800814509391785,
        "median": 0.2890091836452484,
        "std": 0.0485982783138752,
        "min": 0.2843366265296936,
        "max": 0.4054116904735565
      },
      "mse": {
        "count": 4,
        "mean": 0.30542153120040894,
        "median": 0.2809452414512634,
        "std": 0.038148991763591766,
        "min": 0.268836110830307,
        "max": 0.36772921681404114
      },
      "cosine": {
        "count": 4,
        "mean": 0.8273894190788269,
        "median": 0.8293827772140503,
        "std": 0.02510603331029415,
        "min": 0.7858412265777588,
        "max": 0.8492567539215088
      }
    },