{
  "count": 200,
  "entropy": {
    "mid": {
      "mean": 0.9774397647435364,
      "std": 0.010564341382966387
    },
    "up_16": {
      "mean": 0.9221681600953849,
      "std": 0.026684490211102575
    },
    "up_32": {
      "mean": 0.9494442948392349,
      "std": 0.023064801847120963
    }
  },
  "pair_cosine": {
    "mid__up_16": {
      "mean": 0.8817749866813733,
      "std": 0.017858438106597967
    },
    "mid__up_32": {
      "mean": 0.8498750299304596,
      "std": 0.026623403351498015
    },
    "up_16__up_32": {
      "mean": 0.8724661402494138,
      "std": 0.026278679621728862
    }
  },
  "pair_overlap": {
    "mid__up_16": {
      "mean": 0.7424062873305499,
      "std": 0.024979115192412096
    },
    "mid__up_32": {
      "mean": 0.747293778440505,
      "std": 0.030008632055513285
    },
    "up_16__up_32": {
      "mean": 0.7579895807069189,
      "std": 0.027404914630763662
    }
  }
}