{
  "checkpoint": "/scratch/yangximing/code/ass5-exp6/DiffuFont/checkpoints/xpred_20260422_001636/ckpt_step_75000.pt",
  "sample_index": 0,
  "font": "GF_ofl_mashanzheng_MaShanZheng-Regular",
  "target_char": "容",
  "style_chars": [
    "唱",
    "了",
    "笆",
    "观",
    "沦",
    "击",
    "取",
    "屁"
  ],
  "num_refs": 8,
  "tokens_per_ref": 256,
  "global_ref_mass": [
    0.23401837050914764,
    0.04608822613954544,
    0.14280909299850464,
    0.11913598328828812,
    0.09349999576807022,
    0.10710737109184265,
    0.11681275069713593,
    0.14052820205688477
  ],
  "global_same_position_mass": [
    0.00163243617862463,
    0.00022104204981587827,
    0.0013596198987215757,
    0.0013562205713242292,
    0.001054483698680997,
    0.0012819090625271201,
    0.0017337824683636427,
    0.0012866868637502193
  ],
  "global_neighbor_mass_manhattan_le_1": [
    0.007488186005502939,
    0.00113482098095119,
    0.005646938923746347,
    0.005612421780824661,
    0.00431018928065896,
    0.005379791371524334,
    0.0069085112772881985,
    0.005418724380433559
  ],
  "same_position_total_mean": 0.009926180355250835,
  "offdiag_total_mean": 0.9900738596916199,
  "best_ref_fraction": [
    0.8359375,
    0.0,
    0.01171875,
    0.02734375,
    0.01953125,
    0.0,
    0.03515625,
    0.0703125
  ],
  "same_position_gain_over_uniform_within_ref": [
    1.7070391178131104,
    1.3219695091247559,
    2.3496713638305664,
    2.700746774673462,
    2.596135377883911,
    2.877220630645752,
    2.983832836151123,
    2.3233282566070557
  ]
}